Network Reference ID,Parent Network Reference ID,Substation Name,Substation Number,Asset Type,Latitude,Longitude,Bulk Supply Point Name,Primary Substation
15160,19,Aaronsons,260580,Primary,51.0216,-3.8749,BARNSTAPLE 33kV,AARONSONS 33kV
134188,106,Abbeywood Primary,113884,Primary,51.5046,-2.5613,LOCKLEAZE 33kV 'K' BAR,ABBEYWOOD 11kV
245330,245326,Aberaeron,590052,Primary,52.2333,-4.2567,,ABERAERON 11kV
245351,245350,Abercrave,560053,Primary,51.7943,-3.6912,,ABERCRAVE 11kV
245382,245381,Aberdare,550267,Primary,51.7133,-3.4532,,ABERDARE 11kV
245518,245530,Abergavenny Primary,530001,BSP,51.8391,-3.0138,,ABERGAVENNY 66kV
253108,245518,Abergavenny Primary,530001,Primary,51.8391,-3.0138,,ABERGAVENNY 11kV
245352,245381,Aberpergwm,560055,Primary,51.7391,-3.6404,,ABERPERGWM 11kV
245396,245455,Abersychan,530056,Primary,51.7208,-3.0671,,ABERSYCHAN 11kV
245414,,Aberthaw Power Station,510049,GSP,51.3882,-3.4026,,
245393,245447,Abertillery,550060,Primary,51.7273,-3.1353,,ABERTILLERY 11kV
245522,245387,Abertysswg,550061,Primary,51.7433,-3.266,,ABERTYSSWG 11kV
136,,Abham  S.G.P.,306004,GSP,50.4718,-3.7319,,
315341,314738,Abington 33/11kv,940057,Primary,52.2475,-0.8765,Northampton,Abington
315003,314616,Acreage Lane 33/11kv,890035,Primary,53.1952,-1.2082,Mansfield,Acreage Lane
266,36,Adelaide Road,330014,Primary,50.3692,-4.1488,PLYMOUTH 33kV,ADELAIDE ROAD 11kV
315200,314764,Albrighton 33/11kv,670122,Primary,52.6372,-2.2497,Bushbury 132 33,Albrighton 33 11
15121,12908,Alcombe,210190,Primary,51.1995,-3.4642,BOWHAYS CROSS 33kV,ALCOMBE 11kV
314897,314785,Alderton 66/11kv,670088,Primary,51.9912,-1.9983,Cheltenham 132 66,Alderton 66 11
223,29,Alexandra Road,330018,Primary,50.4078,-4.1357,ERNESETTLE 33kV,ALEXANDRA ROAD 11kV
315216,314706,Alford 33/11kv,900014,Primary,53.2545,0.1888,Skegness,Alford
314665,314556,Alfreton 33kv S Stn,890014,BSP,53.1088,-1.385,Alfreton,
315189,314660,Allenton 33 11kv S Stn,870043,Primary,52.8939,-1.4531,Derby South,Allenton
257,31,Alma Road,330020,Primary,50.3832,-4.1546,MILEHOUSE 33kV,ALMA ROAD 11kV
15045,106,Almondsbury,111935,Primary,51.5497,-2.569,BRADLEY STOKE 33kV,ALMONDSBURY 11kV
132,,Alverdiscott  S.G.P.,206001,GSP,51.0059,-4.1371,,
314907,314769,Alveston 33/11kv,790008,Primary,51.594,-2.5211,BRADLEY STOKE 33kV,Alveston 33/11kv
315148,314665,Ambergate 33/11kv,890077,Primary,53.0628,-1.4824,Alfreton,Ambergate
245341,245516,Ammanford Primary,520002,BSP,51.7724,-4.0301,,AMMANFORD 33kV
253535,245341,Ammanford Primary,520002,Primary,51.7724,-4.0301,,
315271,314820,Anderson Lane 33/11kv,900032,Primary,53.2425,-0.5393,Lincoln 33,Anderson Lane
315001,314612,Annesley (Kirkby) 11kv S Stn,890033,Primary,53.0884,-1.2451,Annesley (3 & 4),Annesley (Kirkby)
314612,314556,Annesley 33kv S Stn,890007,BSP,53.0883,-1.2458,Annesley (1 & 2),
314875,314582,Ansty 33 11kv S Stn,930061,Primary,52.4287,-1.4011,Coventry North,Ansty
314882,314577,Apollo 33/11kv,930068,Primary,52.638,-1.7102,Tamworth Town 33,Apollo
314892,314576,Arley 33/11kv,930078,Primary,52.5018,-1.5756,Nuneaton,Arley
271,36,Armada Street,330021,Primary,50.3765,-4.136,PLYMOUTH 33kV,ARMADA STREET 11kV
314979,314610,Arnold 33/11kv,880027,Primary,53.0076,-1.1242,Nottingham East,Arnold
315251,314693,Asfordby 11kv S Stn,910047,Primary,52.7811,-0.9292,,
315176,314657,Ashbourne 33 11kv S Stn,870030,Primary,53.0139,-1.7117,Winster,Ashbourne
380,45,Ashburton,340013,Primary,50.5193,-3.7449,TOTNES 33kV,ASHBURTON 11kV
315087,314670,Ashby De La Zouch 33/11kv,930101,Primary,52.7583,-1.4809,Gresley,Ashby-De-La-Zouch
245430,245437,Ashgrove,510064,Primary,51.5175,-3.2172,,ASHGROVE 11kV
15239,22,Ashwater,350022,Primary,50.7422,-4.2907,PYWORTHY 33kV,ASHWATER 11KV
15176,54,Athelstan Road,310020,Primary,50.723,-3.5229,EXETER CITY 33kV,ATHELSTAN ROAD 11kV
314890,314583,Atherstone 33/11kv,930076,Primary,52.5848,-1.5493,Tamworth,Atherstone
115,136677,Avonmouth Bsp,113367,BSP,51.5026,-2.6799,Avonmouth 33 kV,AVONMOUTH 33kV
15052,115,Avonmouth Docks,113277,Primary,51.504,-2.7008,AVONMOUTH 33kV,AVONMOUTH DOCKS
15054,115,Avonmouth Primary,113368,Primary,51.504,-2.6953,AVONMOUTH 33kV,AVONMOUTH 11kV
15083,85,Axbridge,180017,Primary,51.2855,-2.816,CHURCHILL 33kV,AXBRIDGE 11kV
15132,91,Axminster,250280,Primary,50.78,-2.9953,WOODCOTE 33kV BAR,AXMINSTER 11kV
133,,Axminster  S.G.P.,206006,GSP,50.7871,-2.9244,,
505722,314583,Baddesley 33kv Energy Park,939417,Primary,52.5869,-1.5855,,
315136,314657,Bakewell 33 11kv S Stn,890065,Primary,53.2164,-1.6893,Winster,Bakewell
315342,314742,Banbury Lane 33/11kv,940058,Primary,52.215,-0.9458,Northampton,Banbury Lane
314864,314580,Banbury Road 33 11kv S Stn,930051,Primary,52.2574,-1.565,Warwick 33,Banbury Road
315076,314652,Bardon 33/11kv,930091,Primary,52.7137,-1.3479,Coalville,Bardon Road
19,132,Barnstaple Bsp,260467,BSP,51.0673,-4.0545,Barnstaple 33 kV,BARNSTAPLE 33KV
15148,17,Barnstaple Quay,260250,Primary,51.0795,-4.063,EAST YELLAND 33kV,BARNSTAPLE QUAY 11kV
245423,245414,Barry Grid Primary,510088,BSP,51.4139,-3.2789,,Barry Grid Primary
252467,245423,Barry Grid Primary,510088,Primary,51.4139,-3.2789,,Barry Grid Primary
315382,,Bartley Green 132/11kv,670138,Primary,52.4408,-1.9867,Bartley Green 132 11 (GT1),Bartley Green 132 11
314825,314600,Barton Under Needwood 33/11kv,870013,Primary,52.7582,-1.7045,Burton South,Barton Under Needwood
15216,48,Barton.,340024,Primary,50.4884,-3.5365,TORQUAY 33kV,BARTON 11kV
315085,314646,Barwell 33/11kv,930099,Primary,52.5826,-1.3385,Hinckley 33,Barwell
94,131,Bath (Dolemeads) 132,164087,BSP,51.3783,-2.354,Bath 33 kV,BATH (DOLEMEADS) 33kV
15118,127,Bath Road Primary,210160,Primary,51.1407,-2.982,BRIDGWATER 33kV 'J' BAR,BATH ROAD 11kV
478438,94,Bath University 33,164210,Primary,51.3766,-2.3282,BATH (DOLEMEADS) 33kV,BATH UNIVERSITY
15065,94,Batheaston,160389,Primary,51.397,-2.3388,BATH (DOLEMEADS) 33kV,BATHEASTON 11kV
315066,420020,Bayston Hill 33/11kv,840013,Primary,52.6762,-2.7617,Shrewsbury 132 33,Bayston Hill 33 11
15144,91,Beaminster,250620,Primary,50.8117,-2.7612,WOODCOTE 33kV BAR,BEAMINSTER 11kV
315057,314639,Bearstone 33/11kv,850002,Primary,52.9473,-2.412,Meaford 'C' 132 33,Bearstone 33 11
315099,314650,Beaumont Leys 33/11kv,920026,Primary,52.6691,-1.1545,Leicester North,Beaumont Leys
15032,128239,Bedminster,110641,Primary,51.4414,-2.5961,FEEDER ROAD 33kV 'J' BAR,BEDMINSTER 11kV
314964,314613,Beeston 33/11kv,880012,Primary,52.9301,-1.2153,Nottingham,Beeston
314922,314698,Beevor Street 33/11kv,900009,Primary,53.2252,-0.5527,Lincoln 33,Beevor Street
315147,314662,Belper 33/11kv,890076,Primary,53.0154,-1.4767,Spondon,Belper
315131,314635,Berkeley 33/11kv,790015,Primary,51.7017,-2.4682,Ryeford 132 33,Berkeley 33 11
314531,,Berkswell 275/132kv,690001,GSP,52.3866,-1.614,,
315121,420020,Berrington 33/11kv,840018,Primary,52.6657,-2.6853,Shrewsbury 132 33,Berrington 33 11
315023,314618,Bevercotes 33/11kv,890055,Primary,53.2617,-0.9599,Checkerhouse,Bevercotes
314916,420014,Bevington 66/11kv,670098,Primary,52.1732,-1.9438,Bevington 66 11 (T1),Bevington 66 11
314539,,Bicker Fen 132kv,690003,GSP,52.9313,-0.2211,,
15236,17,Bideford Main,350018,Primary,51.011,-4.1997,EAST YELLAND 33kV,BIDEFORD 11kV
314965,314613,Bilborough 33/11kv,880013,Primary,52.9618,-1.2134,Nottingham,Bilborough
315239,314707,Billingborough 33/11kv,910035,Primary,52.8947,-0.365,Grantham,Billingborough
315309,314758,Bilson 33/11kv,790026,Primary,51.8223,-2.5102,Lydney 132 33,Bilson 33 11
315022,314611,Bilsthorpe 33 11kv S Stn,890054,Primary,53.1513,-1.0128,Clipstone,Bilsthorpe
314991,314623,Bingham 33 11kv S Stn,880039,Primary,52.9488,-0.9455,Willoughby,Bingham
489329,314583,Birch Coppice 33/11kv,939800,Primary,52.5923,-1.6266,Tamworth,Birch Coppice
245435,245437,Birchgrove,510069,Primary,51.5264,-3.1996,,BIRCHGROVE 11kV
315102,314650,Birstall 33/11kv,920029,Primary,52.6694,-1.1296,Leicester North,Birstall
315053,314797,Bishops Castle 33/11kv,840007,Primary,52.4915,-2.9946,Ludlow 132 33,Bishops Castle 33 11
314835,314785,Bishops Cleeve 66/11kv,670086,Primary,51.9471,-2.079,Cheltenham 132 66,Bishops Cleeve 66 11
314538,,Bishops Wood 275/132kv,670002,GSP,52.3125,-2.2428,,
245357,245363,Bishopston,520070,Primary,51.5869,-4.0477,,BISHOPSTON 11kV 1
15051,128239,Bishopsworth,113193,Primary,51.4147,-2.6071,FEEDER ROAD 33kV 'J' BAR,BISHOPSWORTH 11kV
315168,314664,Biwaters 33/11kv,890095,Primary,53.1739,-1.4055,Chesterfield 33,Biwaters
315210,314758,Bixhead 33/11kv,790018,Primary,51.7956,-2.5921,Lydney 132 33,Bixhead 33 11
313,41,Blackawton,340022,Primary,50.3474,-3.6825,PAIGNTON 33kV,BLACKAWTON 11kV
15279,5,Blackpool,437350,Primary,50.3441,-4.832,St AUSTELL  33kV,BLACKPOOL 11KV
314994,314665,Blackwell 33 11kv S Stn,890026,Primary,53.1152,-1.3442,Alfreton,Blackwell
245395,245518,Blaenavon,530071,Primary,51.7696,-3.0983,,BLAENAVON 11kV
245321,245325,Blaenporth,580072,Primary,52.111,-4.5252,,BLAENPORTH 11kV
15085,85,Blagdon 33/11kv S/S,180173,Primary,51.3369,-2.7152,CHURCHILL 33kV,BLAGDON 11kV
315326,314743,Bletchley 11kv S Stn,940042,Primary,52.0114,-0.7443,Bletchley,Bletchley 11
314743,490619,Bletchley 33kv S Stn,940013,BSP,52.0113,-0.7439,Bletchley (GT1 GT2),
315009,314612,Blidworth 33/11kv,890041,Primary,53.0883,-1.1444,Annesley (1 & 2),Blidworth
314836,420014,Bloxham 66/11kv,670087,Primary,52.0312,-1.3866,,
315032,314601,Bodenham 66/11kv,670112,Primary,52.1487,-2.6767,Hereford (Bishops Wood) & Ludlow 132 66,Bodenham 66 11
15278,24,Bodmin,437230,Primary,50.4733,-4.734,St TUDY 33kV,BODMIN 11KV
315164,314664,Bolsover 11kv S Stn,890093,Primary,53.2354,-1.3255,,
315171,314664,Bolsover 33/11kv,890097,Primary,53.2353,-1.3256,Chesterfield 33,Bolsover
314778,314563,Boothen 33/11kv (Reporting),680052,BSP,52.9962,-2.1812,Boothen 132 33 (GT1A),
420087,314778,Boothen 33/11kv (Reporting),680052,Primary,52.9962,-2.1812,Boothen 132 11 (GT1B),Boothen 132 11
315349,314739,Boothville 33 11kv S Stn,940065,Primary,52.2713,-0.8579,Northampton East,Boothville
314968,314613,Boots 33/11kv,880016,Primary,52.9239,-1.188,Nottingham,Boots
314704,314561,Boston 33kv S Stn,900004,BSP,52.9664,-0.0141,Boston,
315242,314702,Bottesford 33/11kv,910038,Primary,52.9305,-0.8147,Hawton,Bottesford
449133,314569,Boughton Road 132/11kv,670137,BSP,52.4642,-1.8208,,
458491,449133,Boughton Road 132/11kv,670137,Primary,52.4642,-1.8208,,
315236,314700,Bourne 11kv S Stn,910032,Primary,52.7656,-0.3842,,
314700,314561,Bourne 33kv S Stn,910005,BSP,52.7656,-0.3843,Bourne,
15088,87,Bournville,180471,Primary,51.3268,-2.9673,WESTON 33kV,BOURNVILLE 11kV
245406,245415,Boverton,560075,Primary,51.4066,-3.4638,,BOVERTON 11kV
15227,42,Bovey Tracey,340039,Primary,50.5913,-3.6798,NEWTON ABBOT 33kV OUTER BAR,BOVEY TRACEY 11kV
15056,128239,Bower Ashton,113371,Primary,51.4398,-2.6268,FEEDER ROAD 33kV 'J' BAR,BOWER ASHTON 11kV
15123,12908,Bowhays Cross,210210,Primary,51.1596,-3.3399,BOWHAYS CROSS 33kV,BOWHAYS CROSS 11kV
12908,134,Bowhays Cross Bsp,200210,BSP,51.1583,-3.34,Bowhays Cross 33 kV,BOWHAYS CROSS 33kV
455127,314746,Brackley 11kv,947000,Primary,52.0489,-1.1455,Brackley,Brackley 11
314746,490619,Brackley 132/33kv,690047,BSP,52.0489,-1.1462,Brackley,
315312,314746,Brackley Town 33 11kv S Stn,940028,Primary,52.0269,-1.1379,Brackley,Brackley Town
315401,314738,Brackmills 33 11kv S Stn,940072,Primary,52.2236,-0.8666,Northampton,Brackmills
15214,42,Bradley Lane,340020,Primary,50.5283,-3.6183,NEWTON ABBOT 33kV OUTER BAR,BRADLEY LANE 11kV
15060,106,Bradley Stoke,113760,Primary,51.5472,-2.5595,BRADLEY STOKE 33kV,BRADLEY STOKE 11kV
106,130,Bradley Stoke Bsp,113572,BSP,51.5473,-2.5601,Bradley Stoke 33 kV,BRADLEY STOKE 33kV
314566,490619,Bradwell Abbey 132kv S Stn,690006,BSP,52.0494,-0.7965,,
314735,490619,Bradwell Abbey 33kv S Stn,940006,BSP,52.0492,-0.7968,Bradwell Abbey,
15158,19,Bratton Fleming,260550,Primary,51.1242,-3.9377,BARNSTAPLE 33kV,BRATTON FLEMMING 11kV
315331,314736,Braunston Road 33/11kv,940047,Primary,52.2609,-1.1753,Daventry,Braunston Road
315104,314654,Braunstone 33/11kv,920031,Primary,52.6098,-1.1627,Leicester,Braunstone
15145,17,Braunton,260220,Primary,51.1148,-4.15,EAST YELLAND 33kV,BRAUNTON 11kV
245304,245312,Brawdy,600076,Primary,51.8872,-5.0967,,BRAWDY 11kV
510351,314600,Breach Farm 33kv,875157,Primary,52.7677,-1.6102,,
245383,245518,Brecon,610077,Primary,51.9431,-3.3895,,BRECON 11kV
315180,451115,Bretby 33/11kv,870034,Primary,52.7931,-1.5749,Burton 33,Bretby
245317,245325,Bridell,580078,Primary,52.0501,-4.6601,,BRIDELL 11kV
15174,67,Bridge Mills,310018,Primary,50.8016,-3.4247,TIVERTON 33kV,BRIDGE MILLS 11kV
245502,245380,Bridgend Grid,560004,BSP,51.5178,-3.5787,,BRIDGEND 33kV
245402,245502,Bridgend Trading Estate,560079,Primary,51.5035,-3.567,,BRIDGEND TRADING ESTATE 11kV
135,,Bridgwater  S.G.P.,206008,GSP,51.1173,-2.9688,,
127,135,Bridgwater Grid Bsp,210444,BSP,51.1181,-2.9658,Bridgwater 33 kV,BRIDGWATER 33kV
15108,127,Bridgwater Local,210060,Primary,51.1301,-3.0075,BRIDGWATER 33kV 'J' BAR,BRIDGWATER LOCAL 11kV
15138,91,Bridport,250340,Primary,50.7366,-2.7621,WOODCOTE 33kV BAR,BRIDPORT 11kV
140006,85,Bristol International Airport,182736,Primary,51.38,-2.7068,CHURCHILL 33kV,BRISTOL AIRPORT 11kV
128861,251230,British Gas Hallen,113429,Primary,51.529,-2.6544,PORTISHEAD 33kV,BRITISH GAS HALLEN 11kV
315074,314623,British Gypsum 33/11kv,920018,Primary,52.7413,-1.1199,,
245374,245516,Briton Ferry Primary,560005,BSP,51.6246,-3.8233,,BRITON FERRY 33kV
253559,245374,Briton Ferry Primary,560005,Primary,51.6246,-3.8233,,BRITON FERRY 11KV
245521,245423,Broad St.Barry,510086,Primary,51.4033,-3.2718,,BROAD STREET 11kV
245316,245312,Broadfield,600085,Primary,51.7007,-4.7061,,BROADFIELD 11kV
314898,420014,Broadway 66/11kv,670089,Primary,52.0544,-1.8557,Broadway 66 11 (T1),Broadway 66 11
284791,128239,Broadweir Primary,114260,Primary,51.4591,-2.5834,FEEDER ROAD 33kV 'K' BAR,BROADWEIR 11kV
314900,314575,Brockworth 33/11kv,790005,Primary,51.8449,-2.1671,Castle Meads 132 33,Brockworth 33 11
314949,314601,Bromyard 66/11kv,670108,Primary,52.186,-2.5005,Hereford (Bishops Wood) & Ludlow 132 66,Bromyard 66 11
315128,314638,Broseley 33/11kv,840023,Primary,52.6105,-2.4846,Ironbridge 132 33,Broseley 33 11
314931,420014,Brotheridge Green 66/11kv,670102,Primary,52.0713,-2.2623,Brotheridge Green 66 11 (T1),Brotheridge Green 66 11
314880,314579,Brownsover 33/11kv,930066,Primary,52.3865,-1.2554,,
315091,314648,Bruntingthorpe 33 11kv S Stn,930105,Primary,52.4886,-1.1162,Kibworth,Bruntingthorpe
315094,314649,Brush 33/11kv,920021,Primary,52.7813,-1.1939,Loughborough 33,Brush
245392,245390,Brynmawr,550090,Primary,51.7959,-3.1749,,BRYNMAWR 11kV
382,45,Buckfastleigh,340014,Primary,50.4803,-3.7688,TOTNES 33kV,BUCKFASTLEIGH 11kV
315313,314734,Buckingham 33/11kv,940029,Primary,51.9958,-0.976,Stony Stratford,Buckingham
269,36,Buckwell Street,330022,Primary,50.3694,-4.1381,PLYMOUTH 33kV,BUCKWELL STREET 11kV
315013,314611,Budby 33 11kv S Stn,890045,Primary,53.2255,-1.0971,Clipstone,Budby
15194,59,Budleigh Salterton,310039,Primary,50.63,-3.3333,EXMOUTH 33kV,BUDLEIGH SALTERTON 11kV
315336,314742,Bugbrooke 33/11kv,940052,Primary,52.2144,-0.9989,Northampton West,Bugbrooke
15280,12904,Bugle,437360,Primary,50.3999,-4.7945,St AUSTELL  33kV,BUGLE 11KV
245386,245518,Builth Wells,610092,Primary,52.1548,-3.3725,,BUILTH WELLS 11kV
314971,314615,Bulwell 33 11kv S Stn,880019,Primary,53.0021,-1.1988,Nottingham North 33,Bulwell
15188,67,Burlescombe,310033,Primary,50.9466,-3.3281,TIVERTON 33kV,BURLESCOMBE 11kV
15128,127,Burnham,210470,Primary,51.2386,-2.9884,BRIDGWATER 33kV 'J' BAR,BURNHAM 11kV
437322,,Burslem 33/11/6.6 Kv,680065,Primary,53.0507,-2.2026,,
451116,314669,Burton 11kv,874558,Primary,52.8154,-1.6239,,
314669,314550,Burton 132kv,680033,BSP,52.816,-1.6237,Burton 132 11 (GT1A1),Burton 132 11
451115,314550,Burton 33kv,875000,BSP,52.817,-1.623,Burton 33,
315360,314740,Burton Latimer 33 11kv S Stn,920054,Primary,52.3637,-0.6952,Irthlingborough,Burton Latimer
314600,314550,Burton South 33kv S Stn,870004,BSP,52.7724,-1.6463,Burton South,
314684,314557,Bushbury A 132kv Switching Site,670017,BSP,52.6352,-2.1138,Bushbury 132 33 (GT1B),
314764,314557,Bushbury B-C 132/33kv & 132/11kv,670037,BSP,52.6334,-2.1133,,
420041,314764,Bushbury B-C 132/33kv & 132/11kv,670037,Primary,52.6334,-2.1133,Bushbury 132 11 (GT1C),Bushbury 132 11
314557,,Bushbury D 132kv National Grid Site,680066,GSP,52.6362,-2.1147,,
315383,420015,Bustleholm 11kv Switch House,670139,Primary,52.5537,-1.962,Bustleholm 132 11 (GT1),Bustleholm 132 11
314559,,Bustleholm 132/11kv National Grid Site,670004,GSP,52.553,-1.964,,
420015,314559,Bustleholm 132/11kv National Grid Site,670004,BSP,52.553,-1.964,,
252416,252988,Caerau Primary,560093,Primary,51.6424,-3.6451,,CAERAU ROAD 11kV
245431,253131,Caerphilly,540094,Primary,51.5768,-3.2165,,CAERPHILLY 11kV
15038,115,Cairns Road,110803,Primary,51.4779,-2.6029,AVONMOUTH 33kV,CAIRNS ROAD 11kV
245461,245463,Caldicot,530095,Primary,51.5887,-2.7545,,CALDICOT 11kV
12774,27,Callington,457260,Primary,50.504,-4.3197,LANDULPH 33kV,CALLINGTON 11kV
304912,24,Callywith,437830,Primary,50.4795,-4.7006,St TUDY 33kV,CALLYWITH 11kV
315314,314734,Calvert 33 11kv S Stn,940030,Primary,51.928,-0.9918,,
314983,314612,Calverton 33/11kv,880031,Primary,53.047,-1.1029,Annesley (1 & 2),Calverton
12,138,Camborne Bsp,407020,BSP,50.229,-5.2798,Camborne 33 kV,CAMBORNE 33kV
12891,12,Camborne Carn Brea,417020,Primary,50.228,-5.2795,CAMBORNE 33kV,CARN BREA 11KV
15265,12,Camborne Holmans,417540,Primary,50.2133,-5.2911,CAMBORNE 33kV,CAMBORNE HOLMANS 11KV
15243,12,Camborne Treswithian,417010,Primary,50.2232,-5.3226,CAMBORNE 33kV,CAMBORNE TRESWITHIAN 11KV
315055,314635,Camp 33/11kv,790013,Primary,51.7863,-2.1304,Ryeford 132 33,Camp 33 11
488506,314735,Campbell Park 33 11kv S Stn,940067,Primary,52.051,-0.7448,,
315343,314738,Campbell Street 33/11kv,940059,Primary,52.2428,-0.8967,Northampton,Campbell Street
314867,314580,Campion Hills 33/11kv,930053,Primary,52.2964,-1.516,Warwick 33,Campion Hills
315364,314741,Cannon Street 33 11kv S Stn,920058,Primary,52.3048,-0.6892,Wellingborough,Cannon Street
245434,245433,Canton,510096,Primary,51.485,-3.2043,,CANTON 11kV
245444,245448,Cardiff Central Grid,510006,BSP,51.4778,-3.1636,,CARDIFF CENTRAL 33kV
245448,,Cardiff East Grid Primary,510007,GSP,51.4965,-3.1442,,
252931,245448,Cardiff East Grid Primary,510007,BSP,51.4965,-3.1442,,CARDIFF EAST 33kV
252934,252931,Cardiff East Grid Primary,510007,Primary,51.4965,-3.1442,,CARDIFF EAST 11kV
245437,245448,Cardiff North Grid,510008,BSP,51.525,-3.1944,,CARDIFF NORTH 33kV
245446,252493,Cardiff South Bsp,510905,Primary,51.4653,-3.1554,,Cardiff South Grid
252493,245414,Cardiff South Bsp,510905,BSP,51.4653,-3.1554,,
245433,245414,Cardiff West Grid,510009,BSP,51.47,-3.2108,,CARDIFF WEST 33kV
245318,245325,Cardigan,580272,Primary,52.0837,-4.6523,,CARDIGAN 11kV
315029,314702,Carlton On Trent 33 11kv S Stn,890061,Primary,53.1686,-0.8137,Checkerhouse,Carlton-on-Trent
452795,,Carlton Park 132/11kv,690072,Primary,52.584,-1.2096,,
245324,245516,Carmarthen Grid,580010,BSP,51.8477,-4.3568,,CARMARTHEN 33kV 1
315193,314662,Castle Donington 33/11kv S Stn,870047,Primary,52.841,-1.3617,Spondon,Castle Donington
314575,314570,Castle Meads 132/33kv,670012,BSP,51.8678,-2.2574,Castle Meads 132 33,
314977,314613,Castle Road 33/11kv,880025,Primary,52.949,-1.1519,Nottingham,Castle Road
315296,314717,Cauldon 33/11kv,850026,Primary,53.0411,-1.8863,Forsbrook 132 33,Cauldon 33 11
314989,314702,Caythorpe 33 11kv S Stn,880037,Primary,53.0068,-0.9916,Hawton,Caythorpe
314563,,Cellarhead 132kv,680067,GSP,53.0411,-2.0859,,
260,31,Central Intake,330041,Primary,50.3743,-4.1812,MILEHOUSE 33kV,CENTRAL INTAKE 33kV
315190,314674,Chaddesden 33/11kv,870044,Primary,52.9247,-1.441,Derby 33,Chaddesden
315340,314742,Chapel Brampton 33 11kv S Stn,940056,Primary,52.29,-0.9274,Kettering,Chapel Brampton
315217,314706,Chapel St Leonards 33/11kv,900015,Primary,53.2253,0.316,Skegness,Chapel St. Leonards
15140,91,Chard,250360,Primary,50.8725,-2.9582,WOODCOTE 33kV BAR,CHARD 11kV
315292,314717,Cheadle 33/11kv,850024,Primary,52.9812,-2.0048,Forsbrook 132 33,Cheadle 33 11
315018,314618,Checkerhouse 11kv S Stn,890050,Primary,53.3069,-0.9961,Checkerhouse,Checkerhouse 11
314618,314542,Checkerhouse 33kv S Stn,890010,BSP,53.3069,-0.9957,Checkerhouse,
15094,85,Cheddar,181345,Primary,51.2745,-2.7827,CHURCHILL 33kV,CHEDDAR 11kV
315287,314726,Cheddleton 33/11kv,850020,Primary,53.0711,-2.0362,Whitfield 132 33,Cheddleton 33 11
315304,449159,Chelmsley Wood 132/11kv,670131,Primary,52.4796,-1.7366,Chelmsley Wood 132 11 (GT1),Chelmsley Wood 132 11
314785,314570,Cheltenham 132/66/11kv Reporting,670053,BSP,51.909,-2.1208,Cheltenham 132 66,
420055,314785,Cheltenham 132/66/11kv Reporting,670053,Primary,51.909,-2.1208,Cheltenham 132 11 (GT1B),Cheltenham 132 11
245464,245463,Chepstow,530099,Primary,51.6414,-2.6731,,CHEPSTOW 11kV
314940,314635,Cherington 33/11kv,790010,Primary,51.6748,-2.1466,Ryeford 132 33,Cherington 33 11
314556,,Chesterfield 275/132kv (Ngt),680007,GSP,53.2242,-1.3873,,
314664,314556,Chesterfield 33kv,680032,BSP,53.2251,-1.3871,Chesterfield 33 (GT1A GT2A),
15093,85,Chew Stoke,181230,Primary,51.3722,-2.6379,CHURCHILL 33kV,CHEW STOKE 11kV
15067,119,Chewton Mendip,160415,Primary,51.2717,-2.5653,RADSTOCK 33kV,CHEWTON MENDIP 11kV
315323,314735,Childs Way 33 11kv S Stn,940039,Primary,52.0332,-0.7647,Bletchley,Childs Way
314962,314614,Chilwell 33/11kv,880010,Primary,52.9155,-1.2293,Toton,Chilwell
314769,314537,Chipping Sodbury 132/33/11kv Reporting,670042,BSP,51.5529,-2.4123,Chipping Sodbury 132 33 (GT1A),
420045,314769,Chipping Sodbury 132/33/11kv Reporting,670042,Primary,51.5529,-2.4123,Chipping Sodbury 132 11 (GT1),Chipping Sodbury 132 11
15209,42,Chudleigh Knighton,340011,Primary,50.5876,-3.6259,NEWTON ABBOT 33kV OUTER BAR,CHUDLEIGH KNIGHTON 11kV
315173,314668,Church Street 33/11kv,870027,Primary,52.8993,-1.861,Uttoxeter,Church Street
85,135,Churchill Bsp 132kv,182373,BSP,51.3564,-2.7894,,
15102,85,Churchill Gate 33/11,182570,Primary,51.338,-2.7938,CHURCHILL 33kV,CHURCHILL GATE 11kV
314946,314603,Churchover 33/11kv,930086,Primary,52.4152,-1.273,,
15221,41,Churston,340029,Primary,50.4022,-3.5661,PAIGNTON 33kV,CHURSTON 11kV
314967,314615,Cinderhill 33/11kv,880015,Primary,52.988,-1.2019,Nottingham North 33,Cinderhill
245367,253508,Clase,520100,Primary,51.6661,-3.9449,,CLASE 11kV
314861,314580,Claverdon 33 11kv S Stn,930048,Primary,52.2766,-1.6955,Warwick 33,Claverdon
315051,314797,Cleobury Mortimer 33/11kv,750004,Primary,52.3762,-2.4857,Ludlow 132 33,Cleobury Mortimer 33 11
15086,251230,Clevedon,180198,Primary,51.4322,-2.8417,PORTISHEAD 33kV,CLEVEDON 11kV
15040,98,Clifton,111158,Primary,51.4554,-2.6124,LOCKLEAZE 33kV 'J' BAR,CLIFTON 11kV
314976,314613,Clifton 33 11kv S Stn,880024,Primary,52.9039,-1.1785,Nottingham,Clifton
315008,314611,Clipstone 11kv S Stn,890040,Primary,53.1653,-1.1035,Clipstone,Clipstone 11
314611,314556,Clipstone 33kv S Stn,890006,BSP,53.1657,-1.1033,Clipstone,
15229,22,Clovelly,350011,Primary,50.9836,-4.4047,PYWORTHY 33kV,CLOVELLY 11KV
315156,314617,Clowne 33/11kv,890085,Primary,53.2789,-1.2406,Whitwell,Clowne
15189,65,Clyst Honiton,310034,Primary,50.7286,-3.4339,SOWTON 33kV,CLYST HONITON 11kV
315077,314652,Coalville 11kv S Stn,930092,Primary,52.688,-1.3277,Coalville,Coalville 11
314652,314548,Coalville 33kv S Stn,930020,BSP,52.6883,-1.3276,Coalville,
15143,135607,Coker,250530,Primary,50.9139,-2.6651,YEOVIL 33kV,COKER 11kV
15225,41,Colley End,340034,Primary,50.4381,-3.5715,PAIGNTON 33kV,COLLEY END 11kV
15114,127,Colley Lane,210120,Primary,51.119,-2.9887,BRIDGWATER 33kV 'J' BAR,COLLEY LANE 11kV
314987,314610,Colwick 33/11kv,880035,Primary,52.9602,-1.0803,Nottingham East,Colwick
15135,91,Colyford,250310,Primary,50.7289,-3.0558,WOODCOTE 33kV BAR,COLYFORD 11kV
15080,94,Combe Park,164016,Primary,51.393,-2.3888,BATH (DOLEMEADS) 33kV,COMBE PARK 6.6kV
314902,314575,Commercial Road 132/33/11kv,790007,Primary,51.8644,-2.2502,Castle Meads 132 33,Commercial Road 33 11
245375,245374,Commercial St Neath,560103,Primary,51.6621,-3.8084,,COMMERCIAL STREET 11kV
15095,85,Compton Martin 33/11kv S/S,181346,Primary,51.3243,-2.6561,CHURCHILL 33kV,COMPTON MARTIN 11kV
315289,314726,Congleton 33/11kv,850022,Primary,53.1633,-2.2039,Whitfield 132 33,Congleton 33 11
15082,85,Congresbury,180006,Primary,51.3756,-2.8027,CHURCHILL 33kV,CONGRESBURY 11kV
15262,9,Constantine 33kv,417320,Primary,50.1236,-5.1856,RAME 33kV,CONSTANTINE 11KV
314857,314581,Copsewood 33/11kv,930044,Primary,52.4028,-1.4642,Whitley,Copsewood
315355,314737,Corby Central 33/11kv,920049,Primary,52.4981,-0.6731,Corby,Corby Central
315359,314737,Corby No2 11kv S Stn,920053,Primary,52.4917,-0.6686,Corby,Corby No. 2
314737,314567,Corby No2 33kv S Stn,920007,BSP,52.4916,-0.6685,,
15199,56,Core Hill,310044,Primary,50.702,-3.2475,EXETER MAIN 33kV 'K' BAR,CORE HILL 11kV
315060,314639,Cotes Heath 33/11kv,850005,Primary,52.9115,-2.2482,Meaford 'C' 132 33,Cotes Heath 33 11
314988,314610,Cotgrave 33 11kv S Stn,880036,Primary,52.9236,-1.0308,Nottingham,Cotgrave
304047,98,Cotham Primary,114389,Primary,51.4602,-2.6004,LOCKLEAZE 33kV 'J' BAR,COTHAM 11kV
314883,314576,Coton Road 33/6.6kv,930069,Primary,52.5212,-1.4668,Nuneaton,Coton Road 11
15202,65,Countess Wear,310048,Primary,50.7009,-3.4939,SOWTON 33kV,COUNTESS WEAR 11kV
245424,245423,Court Road Barry,510104,Primary,51.4105,-3.2621,,COURT ROAD 11kV
314839,314586,Courtaulds 33/6.6kv,930026,Primary,52.4246,-1.5053,Coventry Central,Courtaulds 6.6
314846,314586,Courthouse Green 33/11kv S Stn,930033,Primary,52.4302,-1.4843,Coventry Central,Courthouse Green 11
314848,314586,Courthouse Green 33/6 6kv S Stn,930035,Primary,52.4302,-1.4844,Coventry Central,Courthouse Green 6.6
437337,314586,Courthouse Green 33/6.6kv,938993,Primary,52.4302,-1.4843,,
314533,,Coventry 275/132kv,690002,GSP,52.4555,-1.464,,
314910,314582,Coventry Arena 33/11kv,930083,Primary,52.4496,-1.4933,Coventry North,Coventry Arena
314586,314531,Coventry Central 33kv S Stn,930013,BSP,52.42,-1.5074,Coventry Central,
314859,314582,Coventry North 11kv S Stn,930046,Primary,52.4536,-1.4676,Coventry North,Coventry North 11
314582,314533,Coventry North 33kv S Stn,930009,BSP,52.4535,-1.4678,Coventry North,
314845,314598,Coventry South 11kv S Stn,930032,Primary,52.4059,-1.5387,,
314593,314531,Coventry South 132/33/11kv,690014,BSP,52.4052,-1.539,Coventry South 132 11,Coventry South 132 11
314585,314531,Coventry South 33kv S Stn,930012,BSP,52.4056,-1.539,Coventry South (GT1),
314587,314531,Coventry West 33kv S Stn,930014,BSP,52.4016,-1.605,Coventry West,
314838,314587,Coventry West 6 6kv S Stn,930025,Primary,52.4015,-1.6054,Coventry West,Coventry West 6.6
245409,245423,Cowbridge,560105,Primary,51.4621,-3.4472,,COWBRIDGE 11kV
315038,314769,Cowhorn 33/11kv,790011,Primary,51.446,-2.4774,Chipping Sodbury 132 33,Cowhorn 33 11
15170,54,Cowley Road,310014,Primary,50.7336,-3.5403,EXETER CITY 33kV,COWLEY ROAD 11kV
314844,314586,Cox Street 33 6 6kv S Stn,930031,Primary,52.4095,-1.5022,Coventry Central,Cox Street 6.6
315000,314617,Craggs Lane 33 11kv S Stn,890032,Primary,53.274,-1.1998,Whitwell,Craggs Lane
315235,314707,Cranwell 33 11kv S Stn,910031,Primary,53.0367,-0.4983,Sleaford,Cranwell (RAF)
315050,314797,Craven Arms 33/11kv,750003,Primary,52.4409,-2.8317,Ludlow 132 33,Craven Arms 33 11
15171,54,Crediton,310015,Primary,50.7902,-3.6699,EXETER CITY 33kV,CREDITON 11kV
15105,127,Creech St Michael,210030,Primary,51.0153,-3.0257,BRIDGWATER 33kV 'J' BAR,CREECH ST MICHAEL 11kV
245503,253131,Creigiau,540106,Primary,51.5252,-3.3193,,CREIGIAU 11kV
15141,91,Crewkerne,250370,Primary,50.8816,-2.7849,WOODCOTE 33kV BAR,CREWKERNE 11kV
136475,106,Cribbs Causeway,113983,Primary,51.5282,-2.5933,BRADLEY STOKE 33kV,CRIBBS CAUSEWAY 11kV
315372,314736,Crick 33 11kv S Stn,940068,Primary,52.3519,-1.1648,Daventry,Crick
245394,245518,Crickhowell,610107,Primary,51.8659,-3.1292,,CRICKHOWELL 11kV A
315144,314657,Cromford 33 11kv S Stn,890073,Primary,53.1021,-1.565,Winster,Cromford
245471,245341,Cross Hands,520307,Primary,51.7856,-4.0754,,CROSSHANDS 11kV
315233,314708,Crowland 33/11kv,910029,Primary,52.6833,-0.1639,Spalding & South Holland,Crowland
315005,314611,Crown Farm 33/11kv,890037,Primary,53.1475,-1.1571,Clipstone,Crown Farm
245447,245530,Crumlin Primary,550011,BSP,51.6741,-3.1584,,CRUMLIN 33kV
253423,245447,Crumlin Primary,550011,Primary,51.6741,-3.1584,,CRUMLIN 11kV
245440,252931,Crwys Road,510108,Primary,51.4966,-3.1815,,CRWYS ROAD 11kV
15179,67,Cullompton,310024,Primary,50.8585,-3.4037,TIVERTON 33kV,CULLOMPTON 11kV
15125,78,Culmhead,210390,Primary,50.9381,-3.1115,TAUNTON 33kV 'J' BAR,CULMHEAD 11kV
15126,127,Curry Mallet,210450,Primary,50.9866,-2.9449,BRIDGWATER 33kV 'J' BAR,CURRY MALLET 11kV
245453,245457,Cwmbran Primary,530110,BSP,51.6531,-3.0254,,
253418,245453,Cwmbran Primary,530110,Primary,51.6531,-3.0254,,CWMBRAN 11kV
245506,245447,Cwmfelinfach,550111,Primary,51.6174,-3.1816,,CWMFELINFACH 11kV
245327,245324,Cwmffrwd,580296,Primary,51.8328,-4.299,,CWMFFRWD 11kV
245445,252931,Cyncoed,510115,Primary,51.518,-3.1618,,CYNCOED 11kV
264757,24,Dairy Crest Davidstow,437470,Primary,50.65,-4.6354,St TUDY 33kV,DAIRY CREST 11KV
314923,314618,Daneshill 33kv,890017,Primary,53.3741,-0.9857,,
315167,314664,Danesmoor 33/11kv,890094,Primary,53.1634,-1.3944,Chesterfield 33,Danesmoor
315185,314674,Darley Abbey 33 11kv S Stn,870039,Primary,52.9438,-1.4858,Derby 33,Darley Abbey
310,41,Dartmouth,340030,Primary,50.3478,-3.6023,PAIGNTON 33kV,DARTMOUTH 11kV
315333,314736,Daventry 11kv S Stn,940049,Primary,52.2595,-1.1549,Daventry,Daventry 11
314736,314533,Daventry 33kv S Stn,940008,BSP,52.2593,-1.1548,Daventry,
15285,24,Davidstow,437410,Primary,50.655,-4.6172,St TUDY 33kV,DAVIDSTOW 11KV
15215,42,Dawlish,340023,Primary,50.5787,-3.4806,NEWTON ABBOT 33kV OUTER BAR,DAWLISH 11kV
15286,24,Delabole,437420,Primary,50.6267,-4.7132,St TUDY 33kV,DELABOLE 11KV
315153,314666,Denby 33/11kv,890082,Primary,53.0156,-1.43,Heanor,Denby
315351,314739,Denton 33/11kv,940066,Primary,52.2173,-0.7765,Northampton East,Denton
315182,314681,Derby 11kv S Stn,870036,Primary,52.9256,-1.4763,,
314681,314551,Derby 132/33/11kv,680041,BSP,52.9257,-1.4764,Derby 132 11 (No. 1 Switchboard),Derby 132 11 (No. 1 Switchboard)
314674,314551,Derby 33kv S Stn,870012,BSP,52.9258,-1.4766,Derby 33,
314660,314551,Derby South 33kv S Stn,870005,BSP,52.8858,-1.4612,Derby South (GT1),
315354,314740,Desborough 33/11kv,920048,Primary,52.4452,-0.815,Kettering,Desborough
315078,314652,Desford 33/11kv,930093,Primary,52.6394,-1.2715,Coalville,Desford
15261,8,Devoran,417310,Primary,50.2182,-5.1004,TRURO 33kV,DEVORAN 11kV
314855,314581,Dillotford Ave 33 11kv S Stn,930042,Primary,52.3881,-1.5068,Coventry South,Dillotford Avenue
15070,119,Dinder,160811,Primary,51.2075,-2.5861,RADSTOCK 33kV,DINDER 11kV
315266,314698,Doddington Park 33/11kv,900028,Primary,53.206,-0.6156,Lincoln 33,Doddington Park
315228,314704,Donington 33/11kv,910024,Primary,52.9154,-0.1889,Boston,Donington
315061,314637,Donnington 33/11kv,840010,Primary,52.7263,-2.4339,Ketley 132 33,Donnington 33 11
302497,94,Dorchester St - New,164170,Primary,51.3776,-2.3584,BATH (DOLEMEADS) 33kV,DORCHESTER STREET 6.6kV
315123,420020,Dothill 33/11kv,840019,Primary,52.7166,-2.5345,Ketley 132 33,Dothill 33 11
245387,245421,Dowlais Grid,550012,BSP,51.7737,-3.347,,DOWLAIS 33kV
15139,91,Dowlish Ford,250350,Primary,50.9148,-2.9149,WOODCOTE 33kV BAR,DOWLISH FORD 11kV
315229,314700,Dowsby Fen 33/11kv,910025,Primary,52.8487,-0.2762,Bourne,Dowsby Fen
314550,,Drakelow 275/132kv,680005,GSP,52.7731,-1.6494,,
15281,5,Drinnick.,437370,Primary,50.362,-4.8753,FRADDON 33kV 'J' BAR,DRINNICK 11KV
315035,314815,Droitwich 66/11kv,670115,Primary,52.2738,-2.1707,Stourport 132 66 & Upton Warren 132 66,Droitwich 66 11
314917,314635,Dudbridge 33/11kv,790009,Primary,51.7401,-2.2384,Ryeford 132 33,Dudbridge 33 11
15205,67,Dunkeswell 33/11kv,310057,Primary,50.8561,-3.2175,TIVERTON 33kV,DUNKESWELL 11kV
314852,314586,Dunlop 33/6.6kv,930039,Primary,52.4371,-1.5124,Coventry Central,Dunlop 6.6
315295,314635,Dursley 33/11kv,790021,Primary,51.6905,-2.348,Ryeford 132 33,Dursley 33 11
315389,314601,Dymock 66/11kv,670143,Primary,51.9703,-2.4495,Hereford (Bishops Wood) & Ludlow 132 66,Dymock 66 11
314933,314660,Eagle Centre 33/11kv,870015,Primary,52.9195,-1.4716,Derby 33,Eagle Centre
315337,314739,Earls Barton 33 11kv S Stn,940053,Primary,52.2625,-0.7605,Northampton East,Earls Barton
315358,314737,Earlstrees 33 11kv S Stn,920052,Primary,52.5108,-0.6969,Corby,Earlstrees
245415,245414,East Aberthaw Primary,510059,BSP,51.3964,-3.3888,,EAST ABERTHAW 33kV
252484,245415,East Aberthaw Primary,510059,Primary,51.3964,-3.3888,,EAST ABERTHAW 11kV
15098,87,East Brent,181425,Primary,51.277,-2.9297,WESTON 33kV,EAST BRENT 11kV
15195,59,East Budleigh,310040,Primary,50.6561,-3.3284,EXMOUTH 33kV,EAST BUDLEIGH 11kV
15133,135607,East Chinnock Primary,250290,Primary,50.9155,-2.7256,YEOVIL 33kV,EAST CHINNOCK 11kV
490619,,East Claydon 132kv S Stn,690061,GSP,51.9271,-0.9074,,
15233,22,East Curry,350015,Primary,50.7117,-4.4219,PYWORTHY 33kV,EAST CURRY 11KV
314975,314623,East Leake 33/11kv,880023,Primary,52.8434,-1.1816,Willoughby,East Leake
17,132,East Yelland Bsp,260465,BSP,51.0681,-4.1716,East Yelland 33 kV,EAST YELLAND 33KV
315054,314638,Easthope 33/11kv,840008,Primary,52.552,-2.637,Ironbridge 132 33,Easthope 33 11
315245,314689,Easton 33/11kv,910041,Primary,52.8277,-0.6075,Grantham,Easton
15097,251230,Easton-In-Gordano,181414,Primary,51.471,-2.6923,PORTISHEAD 33kV,EASTON IN GORDANO 11kV
15033,98,Eastville,110644,Primary,51.4717,-2.5531,LOCKLEAZE 33kV 'J' BAR,EASTVILLE 11kV
245390,245530,Ebbw Vale Primary,550013,BSP,51.7654,-3.1971,,EBBW VALE 33kV
253115,245390,Ebbw Vale Primary,550013,Primary,51.7654,-3.1971,,EBBW VALE CENTRAL 11kV
315130,314639,Eccleshall 33/11kv,850010,Primary,52.8526,-2.2552,Meaford 'C' 132 33,Eccleshall 33 11
315154,314667,Eckington 33/11kv,890083,Primary,53.3032,-1.3663,Staveley,Eckington
15113,82,Edgarley,210110,Primary,51.1392,-2.6875,STREET 33kV,EDGARLEY 11kV
277,36,Eggbuckland,330025,Primary,50.3999,-4.1134,PLYMOUTH 33kV,EGGBUCKLAND 11kV
315395,314734,Eldergate 33/11kv,940071,Primary,52.0406,-0.7715,Stony Stratford,Eldergate
275,36,Elim Terrace,330019,Primary,50.3873,-4.1361,PLYMOUTH 33kV,ELIM TERRACE 11kV
315339,314742,Ellesmere Avenue 33/11kv,940055,Primary,52.2416,-0.9315,Northampton West,Ellesmere Avenue
315199,314758,Elton 33/11kv,790016,Primary,51.821,-2.4429,Lydney 132 33,Elton 33 11
245429,245433,Ely,510119,Primary,51.4833,-3.2238,,ELY 11kV
308822,98,Emersons Green,114391,Primary,51.4978,-2.4738,LOCKLEAZE 33kV 'K' BAR,EMERSONS GREEN 11kV
315260,314705,Empingham 33/11kv,910056,Primary,52.662,-0.5957,Oakham,Empingham
314548,,Enderby 400/132kv,690004,GSP,52.5979,-1.215,,
315283,314726,Endon 33/11kv,850016,Primary,53.0702,-2.1042,Whitfield 132 33,Endon 33 11
271437,253131,Energlyn 33kv,540120,Primary,51.5915,-3.2209,,
245427,245421,Energlyn Primary,540910,BSP,51.5921,-3.2397,,
253162,245427,Energlyn Primary,540910,Primary,51.5921,-3.2397,,ENERGLYN 11kV
15064,94,Entry Hill,160355,Primary,51.3606,-2.3645,BATH (DOLEMEADS) 33kV,ENTRY HILL 6.6kV
314903,420014,Epwell 66/11kv,670090,Primary,52.07,-1.4747,Epwell 66 11 (T1),Epwell 66 11
315379,314761,Erdington 11kv,670136,Primary,52.5129,-1.8276,Erdington 132 11 (GT1A),Erdington 132 11
501511,314667,Erin Road 33 11kv S Stn,898500,Primary,53.2572,-1.3334,,
241,29,Ernesettle B & S,330038,Primary,50.423,-4.1884,ERNESETTLE 33kV,ERNESETTLE B&S 11kV
29,139,Ernesettle Bsp,330001,BSP,50.4227,-4.1882,Ernesettle 33 kV,ERNESETTLE 33KV
15077,119,Evercreech,161823,Primary,51.1469,-2.5101,RADSTOCK 33kV,EVERCREECH 11kV
314915,420014,Evesham 66/11kv,670097,Primary,52.1097,-1.9331,Evesham 66 11 (T1),Evesham 66 11
15116,78,Exebridge,210140,Primary,51.0144,-3.529,TAUNTON 33kV 'J' BAR,EXEBRIDGE 11kV
54,137,Exeter City Bsp,310001,BSP,50.712,-3.5285,Exeter City 33 kV,EXETER CITY 33KV
137,,Exeter Main  S.G.P.,306005,GSP,50.7675,-3.406,,
56,137,Exeter Main Bsp,310003,BSP,50.7664,-3.4061,Exeter Main 33 kV,EXETER MAIN 33KV
467150,65,Exeter Science Park,310060,Primary,50.7349,-3.4609,SOWTON 33kV,EXETER SCIENCE PARK 11kV
15185,54,Exminster,310030,Primary,50.6748,-3.4945,EXETER CITY 33kV,EXMINSTER 11kV
59,137,Exmouth Bsp,310004,BSP,50.631,-3.4009,Exmouth 33 kV,EXMOUTH 33KV
15193,59,Exmouth Works,310038,Primary,50.6228,-3.4066,EXMOUTH 33kV,EXMOUTH WORKS 11kV
315256,314705,Exton 33/11kv,910052,Primary,52.6859,-0.6526,Oakham,Exton
315137,314671,Eyam 33 11kv S Stn,890066,Primary,53.28,-1.6731,Goitside,Eyam
245426,245433,Fairwater,510121,Primary,51.4932,-3.2431,,FAIRWATER 11kV
15258,9,Falmouth Bickland Hl,417160,Primary,50.1573,-5.101,RAME 33kV,FALMOUTH BICKLAND HILL 11KV
15260,9,Falmouth Docks,417180,Primary,50.1513,-5.0572,RAME 33kV,FALMOUTH DOCKS 11KV
315352,314740,Farndon Road 33/11kv,920046,Primary,52.4709,-0.9335,Kettering,Farndon Road
315024,314612,Farnsfield 33 11kv S Stn,890056,Primary,53.1046,-1.0233,Annesley (1 & 2),Farnsfield
314541,,Feckenham 66/11kv,670003,GSP,52.2524,-1.9722,,
420014,314541,Feckenham 66/11kv,670003,BSP,52.2524,-1.9722,,
420023,420014,Feckenham 66/11kv,670003,Primary,52.2524,-1.9722,Feckenham 66 11 (T1),Feckenham 66 11
15057,128239,Feeder Rd 11kv,113373,Primary,51.4487,-2.5658,FEEDER ROAD 33kV 'K' BAR,FEEDER ROAD 'A' 11kV
128239,130,Feeder Road 33kv,113372,BSP,51.4493,-2.5668,Feeder Road 33 kV,FEEDER ROAD 33kV
15058,128239,Feeder Road B,113374,Primary,51.4485,-2.5667,FEEDER ROAD 33kV 'K' BAR,FEEDER ROAD 'B' 11kV
314945,314743,Fen Farm 33/11kv,940023,Primary,52.0342,-0.6772,Bletchley,Fen Farm
314956,314702,Fernwood 33/11kv,900011,Primary,53.0422,-0.7772,Hawton,Fernwood
315350,314740,Field Street 33/11kv,920045,Primary,52.4026,-0.7286,,
15055,98,Filton Dc,113369,Primary,51.5094,-2.573,LOCKLEAZE 33kV 'J' BAR,FILTON DC 11kV
245311,245312,Fishguard,600124,Primary,51.9776,-4.972,,FISHGUARD 11kV
315274,314698,Fiskerton 33 11kv S Stn,900035,Primary,53.2381,-0.4153,Lincoln 33,Fiskerton
15172,54,Folly Bridge,310016,Primary,50.7757,-3.6807,EXETER CITY 33kV,FOLLY BRIDGE 11kV
314717,314563,Forsbrook 132/33kv,680048,BSP,52.9798,-2.0437,Forsbrook 132 33 (GT1),
315202,314764,Four Ashes 33/11kv,670124,Primary,52.6762,-2.117,Bushbury 132 33,Four Ashes 33 11
15293,12904,Fowey,437570,Primary,50.3412,-4.6491,St AUSTELL  33kV,FOWEY 11KV BAR
315327,314743,Fox Milne 33/11kv,940043,Primary,52.0476,-0.7068,Bletchley,Fox Milne
15078,119,Foxhills,162344,Primary,51.2888,-2.4482,RADSTOCK 33kV,FOXHILLS 11kV
12901,5,Fraddon,437380,Primary,50.3748,-4.9365,FRADDON 33kV 'J' BAR,FRADDON 11KV
5,138,Fraddon Bsp,407380,BSP,50.3753,-4.937,Fraddon 33 kV,FRADDON J 33KV
15157,17,Fremington,260480,Primary,51.0666,-4.1461,EAST YELLAND 33kV,FREMINGTON 11kV
315284,314717,Froghall 33/11kv,850017,Primary,53.0223,-1.9638,Forsbrook 132 33,Froghall 33 11
245358,253508,Garngoch,520127,Primary,51.6615,-4.0194,,GARNGOCH 11kV
15081,251230,Gas Lane,180003,Primary,51.4845,-2.7663,PORTISHEAD 33kV,GAS LANE 11kV
245420,253131,Gas Yard,540128,Primary,51.6034,-3.3391,,GAS YARD 11kV
314871,314584,Gaydon 33/11kv,930057,Primary,52.2015,-1.4853,Harbury,Gaydon
314986,314610,Gedling 33 11kv S Stn,880034,Primary,52.9849,-1.0908,Nottingham East,Gedling
15246,10,Geevor,417040,Primary,50.1513,-5.6775,HAYLE 33kV,GEEVOR 11kV
15159,17,Georgeham,260570,Primary,51.1505,-4.1791,EAST YELLAND 33kV,GEORGEHAM 11kV
245366,245520,Gethin Street Swansea,520129,Primary,51.6173,-3.9494,,GETHIN STREET 11kV
314894,314576,Gipsy Lane 33/11kv,930080,Primary,52.5011,-1.4435,Nuneaton,Gipsy Lane
245391,245518,Glasbury,610133,Primary,52.0343,-3.1983,,GLASBURY 11kV
315122,314639,Gnosall 33/11kv,850009,Primary,52.7821,-2.2577,Meaford 'C' 132 33,Gnosall 33 11
314671,314556,Goitside 33kv S Stn,890016,BSP,53.2334,-1.444,Goitside,
315146,314671,Goitside 6 6kv S Stn,890075,Primary,53.2332,-1.4453,Goitside,Goitside 6.6
245313,245306,Golden Hill Primary,600014,BSP,51.684,-4.908,,GOLDEN HILL 33kV
253012,245313,Golden Hill Primary,600014,Primary,51.684,-4.908,,GOLDEN HILL 11kV
315209,314726,Goldenhill Bank 33/11kv,850012,Primary,53.0828,-2.2268,Whitfield 132 33,Goldenhill Bank 33 11
245360,245516,Gowerton East Grid,520045,BSP,51.6462,-4.0132,,
245377,,Grange Bsp,560015,GSP,51.56,-3.7543,,
252988,245377,Grange Bsp,560015,BSP,51.56,-3.7543,,GRANGE 66kV
245469,245414,Grangetown Grid Primary,510908,BSP,51.4634,-3.1938,,
252489,245469,Grangetown Grid Primary,510908,Primary,51.4634,-3.1938,,GRANGETOWN 11kV
314689,314539,Grantham 33kv S Stn,910003,BSP,52.9242,-0.5889,Grantham,
314929,314690,Grantham North 11kv S Stn,910018,Primary,52.9374,-0.6471,,
314690,314539,Grantham North 132/25/11kv,690031,BSP,52.9378,-0.6467,Grantham North 132 11,Grantham North 132 11
315240,314691,Grantham South 11kv S Stn,910036,Primary,52.9041,-0.6378,,
314691,314542,Grantham South 132/11kv,690032,BSP,52.904,-0.6384,Grantham South 132 11,Grantham South 132 11
315155,314664,Grassmoor 33 11kv S Stn,890084,Primary,53.1997,-1.384,Chesterfield 33,Grassmoor
314935,420014,Great Alne 66/11kv,670105,Primary,52.234,-1.8114,Great Alne 66 11 (T1),Great Alne 66 11
315225,314707,Great Hale 33/11kv,900023,Primary,52.9684,-0.2946,Sleaford,Great Hale
15150,19,Great Torrington,260270,Primary,50.9565,-4.1329,BARNSTAPLE 33kV,GREAT TORRINGTON 11kV
314567,,Grendon 400/132kv,690007,GSP,52.2433,-0.7257,,
315400,314670,Gresley 11kv S Stn,870053,Primary,52.7582,-1.5895,Burton South,Gresley
314670,314550,Gresley 33kv S Stn,870010,BSP,52.7582,-1.5898,Gresley,
315100,314650,Groby Road 33/11kv,920027,Primary,52.6505,-1.173,Leicester North,Groby Road
314856,314581,Gulson Road 33 6 6kv S Stn,930043,Primary,52.4073,-1.4911,Whitley,Gulson Road 6.6
339,27,Gunnislake,457270,Primary,50.5192,-4.226,LANDULPH 33kV,GUNNISLAKE 11kV
245497,245350,Gwaun Cae Gurwen,520137,Primary,51.789,-3.8683,,GWAUN CAE GURWEN 11kV
315039,314638,Halesfield 33/11kv,840002,Primary,52.6407,-2.4333,Ironbridge 132 33,Halesfield 33 11
315160,314617,Halfway 33 11kv S Stn,890089,Primary,53.3281,-1.3423,Staveley,Halfway
491972,314652,Hall Farm Newbold Verdon,939122,Primary,52.6252,-1.3638,,
315020,314618,Hallcroft Rd 33 11kv S Stn,890052,Primary,53.3352,-0.9562,Checkerhouse,Hallcroft Road
315117,314651,Hamilton 33/11kv,920044,Primary,52.6586,-1.0786,Leicester East,Hamilton
315308,314635,Hammerley Down 33/11kv,790025,Primary,51.6254,-2.4203,Ryeford 132 33,Hammerley Down 33 11
314760,314540,Hams Hall 132/33kv,670033,BSP,52.5243,-1.7183,,
314939,314735,Hanslope Park 33/11kv,940022,Primary,52.1064,-0.8058,Bradwell Abbey,Hanslope Park
314872,314584,Harbury 11kv S Stn,930058,Primary,52.227,-1.4307,Harbury,Harbury 11
314584,314531,Harbury 33kv S Stn,930011,BSP,52.2278,-1.4329,Harbury,
315125,420020,Harlescott 33/11kv,840021,Primary,52.7386,-2.7288,Shrewsbury 132 33,Harlescott 33 11
315368,314741,Harrold 33/11kv,920061,Primary,52.2062,-0.6047,Wellingborough,Harrold
15237,22,Hatherleigh,350019,Primary,50.8174,-4.0754,PYWORTHY 33kV,HATHERLEIGH 11KV
315177,451115,Hatton 33 11kv S Stn,870031,Primary,52.8637,-1.6817,Burton 33,Hatton
437331,,Hatton Gas Compressor 132kv,690064,Primary,53.2699,-0.2351,,
15203,54,Haven Road,310049,Primary,50.7157,-3.5312,EXETER CITY 33kV,HAVEN ROAD 11kV
245312,245306,Haverfordwest Grid,600016,BSP,51.8064,-4.9343,,HAVERFORDWEST 33kV
245310,245312,Haverfordwest Power Stn,600017,Primary,51.8026,-4.9633,,HAVERFORD WEST P/STN 11kV
314841,314587,Hawkesmill Lane 33/6.6kv,930028,Primary,52.4425,-1.5606,Coventry West,Hawkesmill Lane 6.6
315264,314702,Hawton 11kv S Stn,900026,Primary,53.0499,-0.8053,Hawton,Hawton 11
314702,314542,Hawton 33kv S Stn,900003,BSP,53.0505,-0.805,Hawton,
12894,10,Hayle,417150,Primary,50.1962,-5.3913,HAYLE 33kV,HAYLE LOCAL 11kV
10,138,Hayle Bsp,407150,BSP,50.1929,-5.4298,Hayle 33 kV,HAYLE 33KV
315356,314737,Hazelwood 33/11kv,920050,Primary,52.4852,-0.7131,Corby,Hazelwood
315165,314666,Heanor 11kv S Stn,870022,Primary,53.021,-1.3625,Heanor,Heanor 11
314666,314551,Heanor 33kv S Stn,870007,BSP,53.0211,-1.3628,Heanor,
245436,252931,Heath,510141,Primary,51.5069,-3.1976,,HEATH 11kV
305580,252931,Heath Hospital Primary,510327,Primary,51.5063,-3.1943,,HEATH HOSPITAL 11kV
15184,65,Heavitree,310029,Primary,50.7198,-3.4903,SOWTON 33kV,HEAVITREE 11kV
15153,19,Heddon Cross,260430,Primary,51.0367,-3.9295,BARNSTAPLE 33kV,HEDDON CROSS 11kV
15247,9,Helston,417050,Primary,50.1105,-5.2687,RAME 33kV,HELSTON 11KV
15204,67,Hemyock,310056,Primary,50.9182,-3.2519,TIVERTON 33kV,HEMYOCK 11kV
245340,245341,Hendy,520142,Primary,51.7119,-4.0555,,HENDY 11kV
314601,314538,Hereford 132/66kv,670013,BSP,52.0544,-2.6204,Hereford (Bishops Wood) (GT1),
482800,314601,Hereford Central 66/11kv,670151,Primary,52.0594,-2.7162,Hereford (Walham) 132 66,Hereford Central 66 11
314914,314601,Hereford North 66/11kv,670096,Primary,52.0743,-2.7146,Hereford (Walham) 132 66,Hereford North 66 11
314932,314601,Hereford South 66/11kv,670103,Primary,52.0291,-2.7065,Hereford (Walham) 132 66,Hereford South 66 11
15059,98,Hewlett Packard,113720,Primary,51.5012,-2.5564,LOCKLEAZE 33kV 'K' BAR,HEWLETT PACKARD 11kV
15074,119,High Littleton,161532,Primary,51.33,-2.5004,RADSTOCK 33kV,HIGH LITTLETON 11kV
315059,314639,High Offley 33/11kv,850004,Primary,52.8319,-2.3206,Meaford 'C' 132 33,High Offley 33 11
15212,42,Higher Woodway,340018,Primary,50.5611,-3.4965,NEWTON ABBOT 33kV OUTER BAR,HIGHER WOODWAY 11kV
315109,314651,Highfields 33/11kv,920036,Primary,52.6291,-1.1215,Leicester East,Highfields
245425,245433,Highmead,510144,Primary,51.4763,-3.2455,,HIGHMEAD 11kV
460458,65,Hill Barton Primary,310061,Primary,50.7122,-3.4113,SOWTON 33kV,HILL BARTON BUSINESS PARK 11kV
315058,314639,Hill Chorlton 33/11kv,850003,Primary,52.952,-2.2975,Meaford 'C' 132 33,Hill Chorlton 33 11
314881,314579,Hillmorton 33/11kv,930067,Primary,52.3667,-1.2204,Rugby,Hillmorton
315089,,Hinckley 11kv S Stn,930103,Primary,52.5289,-1.3951,,
314655,314533,Hinckley 132kv S Stn,690029,BSP,52.5289,-1.396,Hinckley 132 11,Hinckley 132 11
314646,314533,Hinckley 33kv S Stn,930019,BSP,52.5287,-1.3953,Hinckley 33,
314794,314571,Hinksford 132/33kv 132/11kv & 33/11kv,670062,BSP,52.5057,-2.1941,Hinksford 132 33,
420064,314794,Hinksford 132/33kv 132/11kv & 33/11kv,670062,Primary,52.5057,-2.1941,Hinksford 132 11 (GT1B),Hinksford 132 11
315118,314639,Hinstock 33/11kv,850007,Primary,52.8367,-2.451,Meaford 'C' 132 33,Hinstock 33 11
245381,245516,Hirwaun Primary,550018,BSP,51.741,-3.537,,HIRWAUN 33kV
253730,245381,Hirwaun Primary,550018,Primary,51.741,-3.537,,HIRWAUN 11kV
487815,314730,Hockley 132/11kv,670200,Primary,52.4889,-1.901,Hockley 132 11 (GT1A),Hockley 132 11
488941,314650,Hockley Farm Road 33/11kv,926144,Primary,52.6302,-1.1877,,
315230,314708,Holbeach 33/11kv,910026,Primary,52.8168,0.0296,Spalding & South Holland,Holbeach
314851,314586,Holbrook Lane 33/6.6kv,930038,Primary,52.4354,-1.5072,Coventry Central,Holbrook Lane 6.6
15131,12908,Holford,210560,Primary,51.1688,-3.1967,BOWHAYS CROSS 33kV,HOLFORD 11kV
15224,41,Hollicombe,340033,Primary,50.4536,-3.558,PAIGNTON 33kV,HOLLICOMBE 11kV
315010,314617,Holme Carr 33 11kv S Stn,890042,Primary,53.3132,-1.165,Whitwell,Holme Carr
15232,22,Holsworthy,350014,Primary,50.8049,-4.3566,PYWORTHY 33kV,HOLSWORTHY 11KV
315248,314703,Holwell 33/11kv,910044,Primary,52.7752,-0.9198,Melton Mowbray,Holwell
314850,314585,Holyhead Road 33 11kv S Stn,930037,Primary,52.4168,-1.543,Coventry South,Holyhead Road
15197,56,Honiton Heathfield,310042,Primary,50.7908,-3.2061,EXETER MAIN 33kV 'K' BAR,HONITON HEATHFIELD 11kV
315069,314639,Hookgate 33/11kv,850006,Primary,52.9474,-2.3493,Meaford 'C' 132 33,Hookgate 33 11
315142,314657,Hopton 33/11kv,890071,Primary,53.0887,-1.6099,Winster,Hopton
315215,314706,Horncastle 33 11kv S Stn,900013,Primary,53.2181,-0.1122,Skegness,Horncastle
315064,420022,Hortonwood 132/11kv,680060,Primary,52.7189,-2.4892,Hortonwood 132 11 (GT1),Hortonwood 132 11
314963,314612,Hucknall 33 11kv S Stn,880011,Primary,53.0413,-1.1987,Annesley (1 & 2),Hucknall
314995,314612,Huthwaite 33/11kv,890027,Primary,53.1269,-1.2913,Annesley (3 & 4),Huthwaite
461352,314764,I54 Business Park 33/11kv,735832,Primary,52.63,-2.1419,Bushbury 132 33,I54
15146,17,Ilfracombe,260230,Primary,51.1997,-4.1107,EAST YELLAND 33kV,ILFRACOMBE 11kV
315194,314672,Ilkeston 33/11kv,870048,Primary,52.9758,-1.3249,Stanton,Ilkeston
138,,Indian Queens Sgp,406002,GSP,50.3947,-4.9009,,
512646,314660,Infinity Park 33 11 Kv S Stn,875136,Primary,52.879,-1.4636,,
315219,314706,Ingoldmells 33 11kv S Stn,900017,Primary,53.1801,0.3315,Skegness,Ingoldmells
314920,314652,Interlink Park 33/11 Kv,930084,Primary,52.6988,-1.3465,Coalville,Interlink Park
315043,420014,Ipsley 66/11kv,670120,Primary,52.2958,-1.9146,Ipsley 66 11 (T1A),Ipsley 66 11
130,,Iron Acton  S.G.P.,106009,GSP,51.5691,-2.4811,,
314537,,Iron Acton Supergrid 132kv,670001,GSP,51.569,-2.4814,,
245504,253131,Ironbridge,510148,Primary,51.5273,-3.2521,,IRONBRIDGE 11kV
314638,314547,Ironbridge 132/33kv,680025,BSP,52.633,-2.5094,Ironbridge 132 33 (GT2),
314547,,Ironbridge 400/132kv,680000,GSP,52.6324,-2.51,,
420022,314547,Ironbridge 400/132kv,680000,BSP,52.6324,-2.51,,
315366,314744,Irthlingborough 11kv S Stn,921092,Primary,52.3196,-0.6141,Irthlingborough,Irthlingborough 11
314744,314567,Irthlingborough 33kv S Stn,928000,BSP,52.3189,-0.614,Irthlingborough,
15272,10,Isles Of Scilly,417760,Primary,49.9143,-6.313,HAYLE 33kV,ISLES OF SCILLY 11kV
299,217,Ivybridge,330030,Primary,50.3863,-3.9257,PLYMPTON 33kV,IVYBRIDGE 11kV
314842,314587,Jaguar Browns Lane 33/11kv,930029,Primary,52.4378,-1.5559,Coventry West,Jaguar Cars Brown Lane
505749,314584,Jaguar Land Rover,939305,Primary,52.1936,-1.4776,,
245372,245520,Jersey Marine,520284,Primary,51.624,-3.872,,JERSEY MARINE 11kV
315101,314654,Jupiter 33 11kv S Stn,920028,Primary,52.6263,-1.1646,Leicester,Jupiter
314863,314580,Kenilworth 33/11kv,930050,Primary,52.3369,-1.5847,Coventry West,Kenilworth
315036,314601,Kenswick 66/11kv,670116,Primary,52.2278,-2.311,Hereford (Bishops Wood) & Ludlow 132 66,Kenswick 66 11
314637,314547,Ketley 33/11kv (Reporting),680024,BSP,52.6941,-2.484,Ketley 132 33 (GT1),
420084,314637,Ketley 33/11kv (Reporting),680024,Primary,52.6941,-2.484,Ketley 132 11 (GT4),Ketley 132 11
314740,314567,Kettering 33kv S Stn,920008,BSP,52.4016,-0.7381,Kettering,
314924,314740,Kettering North 33/11kv,920013,Primary,52.4249,-0.7351,Kettering,Kettering North
315255,314695,Ketton Cement 33/11kv,910051,Primary,52.642,-0.5447,,
15042,119,Keynsham East,111481,Primary,51.4112,-2.4922,RADSTOCK 33kV,KEYNSHAM EAST 11kV
15049,128239,Keynsham West,113180,Primary,51.4136,-2.5064,FEEDER ROAD 33kV 'J' BAR,KEYNSHAM WEST 11kV
314985,314623,Keyworth 33/11kv,880033,Primary,52.8689,-1.0799,Willoughby,Keyworth
315116,314648,Kibworth 11kv S Stn,920043,Primary,52.5371,-1.0234,Kibworth,Kibworth 11
314648,314567,Kibworth 33kv S Stn,920001,BSP,52.537,-1.0237,Kibworth,
314795,314538,Kidderminster 132/33/11kv Reporting,670063,BSP,52.3828,-2.2508,,
420065,314795,Kidderminster 132/33/11kv Reporting,670063,Primary,52.3828,-2.2508,Kidderminster 132 11 (GT1A),Kidderminster 132 11
245328,245356,Kidwelly,520286,Primary,51.7434,-4.2896,,KIDWELLY 11kV
315318,314734,Kiln Farm 33/11kv,940034,Primary,52.0491,-0.8255,Stony Stratford,Kiln Farm
315011,314619,Kilton Road 33/11kv,890043,Primary,53.3083,-1.1111,Worksop,Kilton Road
367,45,Kingsbridge,340016,Primary,50.284,-3.7812,TOTNES 33kV,KINGSBRIDGE 11kV
315285,314717,Kingsley Holt 33/11kv,850018,Primary,53.009,-1.9694,Forsbrook 132 33,Kingsley Holt 33 11
315207,420015,Kingstanding 132/11kv,670128,Primary,52.5553,-1.8801,Kingstanding 132 11 (GT1A),Kingstanding 132 11
315344,314742,Kingsthorpe 33/11kv,940060,Primary,52.2642,-0.9006,Northampton West,Kingsthorpe
315375,314743,Kingston 33/11kv,940070,Primary,52.041,-0.6874,Bletchley,Kingston
15053,115,Kingsweston,113339,Primary,51.5111,-2.684,AVONMOUTH 33kV,KINGSWESTON 11kV
315034,314601,Kington 66/11kv,670114,Primary,52.212,-3.0077,Hereford (Bishops Wood) & Ludlow 132 66,Kington 66 11
315399,314815,Kinver 33/11kv,770005,Primary,52.4406,-2.2147,Stourport 132 33,Kinver 33 11
315226,314704,Kirton 33/11kv,910022,Primary,52.9214,-0.0573,Boston,Kirton
315046,314601,Knighton 66/11kv,670121,Primary,52.3366,-3.0421,Hereford (Bishops Wood) & Ludlow 132 66,Knighton 66 11
315213,314726,Knypersley 33/11kv,850015,Primary,53.0986,-2.1787,Whitfield 132 33,Knypersley 33 11
245418,245417,Lady Windsor,550149,Primary,51.6367,-3.3558,,LADY WINDSOR 11kV
245339,245516,Lampeter Primary,590020,BSP,52.0958,-4.0905,,LAMPETER 33kV
253610,245339,Lampeter Primary,590020,Primary,52.0958,-4.0905,,LAMPETER 11kV
139,,Landulph  S.G.P.,406003,GSP,50.4447,-4.2427,,
33,139,Landulph Bsp,457710,BSP,50.444,-4.2422,Landulph 33 kV,LANDULPH 33KV
15310,24,Laneast,457620,Primary,50.6183,-4.4851,St TUDY 33kV,LANEAST 11KV
305,217,Langage,330042,Primary,50.3847,-4.0174,PLYMPTON 33kV,LANGAGE 11kV
301922,217,Langage Energy Centre,330047,Primary,50.3881,-4.0113,PLYMPTON 33kV,LANGAGE ENERGY CENTRE 33kV
314895,314576,Langdale Drive 33/11kv,930081,Primary,52.5298,-1.4365,Nuneaton,Langdale Drive
315223,314704,Langrick 33 11kv S Stn,900021,Primary,53.0119,-0.1245,Boston,Langrick
15245,9,Lanner,417030,Primary,50.2087,-5.1983,RAME 33kV,LANNER 11KV
15290,27,Lanreath,437460,Primary,50.3769,-4.585,St GERMANS 33kV,LANREATH 11KV
15169,54,Lapford,310013,Primary,50.852,-3.8099,EXETER CITY 33kV,LAPFORD 11kV
15303,22,Launceston,457250,Primary,50.6291,-4.3556,PYWORTHY 33kV,LAUNCESTON 11KV
15217,48,Lawes Bridge,340025,Primary,50.4841,-3.5521,TORQUAY 33kV,LAWES BRIDGE 11kV
314869,314579,Lawford 33/11kv,930055,Primary,52.3752,-1.2882,Rugby,Lawford
15226,41,Laywell Brixham,340035,Primary,50.383,-3.5247,PAIGNTON 33kV,LAYWELL BRIXHAM 11kV
314540,,Lea Marston 132kv National Grid Site,720004,GSP,52.5286,-1.7088,,
315268,314707,Leadenham 33/11kv,910058,Primary,53.0459,-0.577,Grantham,Leadenham
315073,420020,Leaton 33/11kv,840016,Primary,52.7025,-2.5753,Shrewsbury 132 33,Leaton 33 11
315280,314601,Ledbury 66/11kv,670129,Primary,52.0461,-2.4273,Hereford (Bishops Wood) & Ludlow 132 66,Ledbury 66 11
315052,314638,Leebotwood 33/11kv,840006,Primary,52.5784,-2.7665,Ironbridge 132 33,Leebotwood 33 11
315298,314726,Leek 33/11kv,850028,Primary,53.1019,-2.0329,Whitfield 132 33,Leek 33 11
315106,314654,Leicester 11kv S Stn,920033,Primary,52.6233,-1.1419,,
314654,314548,Leicester 33kv S Stn,920006,BSP,52.6228,-1.1417,Leicester,
314651,314548,Leicester East 33kv S Stn,920004,BSP,52.6295,-1.1014,Leicester East,
315113,314651,Leicester East 6 6kv S Stn,920040,Primary,52.6298,-1.1014,Leicester East,Leicester East 6.6
315103,314650,Leicester North 11kv S Stn,920030,Primary,52.6467,-1.1435,Leicester,Leicester 11
314650,314548,Leicester North 33kv S Stn,920003,BSP,52.6466,-1.1433,Leicester North,
314966,314613,Lenton 33/11kv,880014,Primary,52.9438,-1.1889,Nottingham,Lenton
314926,314601,Leominster 66/11kv,670100,Primary,52.2286,-2.7611,Hereford (Bishops Wood) & Ludlow 132 66,Leominster 66 11
315096,314650,Lero 33/6.6kv,920023,Primary,52.6443,-1.1277,Leicester North,Lero 6.6
235,22,Lifton,330040,Primary,50.6429,-4.2707,LANDULPH 33kV,LIFTON 11kV
245481,253508,Lime Street Gorseinon,520217,Primary,51.6683,-4.0383,,LIME STREET 11kV
315007,314616,Lime Tree Place 33/11kv,890039,Primary,53.1413,-1.1912,Mansfield,Lime Tree Place
314698,314544,Lincoln No 1 33kv S Stn,900002,BSP,53.2284,-0.5189,Lincoln 33,
315273,314821,Lincoln No 2 11kv S Stn,900034,Primary,53.2281,-0.5216,,
292,217,Linketty Lane,330029,Primary,50.3885,-4.0652,PLYMPTON 33kV,LINKETTY LANE 11kV
12778,27,Liskeard,457290,Primary,50.4481,-4.4508,St GERMANS 33kV,LISKEARD 11KV
245475,245502,Litchard,560150,Primary,51.523,-3.5743,,LITCHARD 11kV
315195,314672,Little Hallam 33/11kv,870049,Primary,52.9595,-1.3092,Stanton,Little Hallam
315367,314741,Little Irchester 33 11kv S Stn,920060,Primary,52.2873,-0.6796,Wellingborough,Little Irchester
245326,245516,Llanarth Primary,590021,BSP,52.1885,-4.3211,,LLANARTH 33kV
253636,245326,Llanarth Primary,590021,Primary,52.1885,-4.3211,,LLANARTH 11kV
301183,245520,Llandarcy,560322,Primary,51.6494,-3.8516,,LLANDARCY 11kV
245343,245341,Llandeilo,590151,Primary,51.897,-3.9886,,LLANDEILO 11kV
245505,245433,Llandough,510152,Primary,51.4461,-3.2004,,LLANDOUGH 11kV
245349,245341,Llandovery,590153,Primary,51.9878,-3.8062,,LLANDOVERY 11kV
245384,245518,Llandrindod Wells,610154,Primary,52.2422,-3.3884,,LLANDRINDOD WELLS 11kV
245355,245516,Llanelli Primary,520022,BSP,51.6772,-4.1721,,
253518,245355,Llanelli Primary,520022,Primary,51.6772,-4.1721,,LLANELLI 11kV 1
245336,245339,Llanfihangel Ystrad,590156,Primary,52.1763,-4.1593,,LLANFIHANGEL YSTRAD 11kV
245472,245324,Llanfyrnach,580308,Primary,51.9485,-4.5883,,LLANFYRNACH 11kV
245512,245341,Llangadog,590157,Primary,51.9425,-3.9016,,LLANGADOG 11kV
245401,245502,Llangewydd,560158,Primary,51.5125,-3.5997,,LLANGEWYDD 11kV 1
245476,245437,Llanishen,510160,Primary,51.5314,-3.2052,,LLANISHEN 11kV
245332,245339,Llanllwni,590161,Primary,52.047,-4.2356,,LLANLLWNI 11kV
245354,253508,Llanrhidian,520162,Primary,51.6067,-4.1767,,LLANRHIDIAN 11kV 1
245454,245457,Llantarnam Primary,530023,BSP,51.6292,-3.0171,,LLANTARNAM 66kV
253401,245454,Llantarnam Primary,530023,Primary,51.6292,-3.0171,,LLANTARNAM 11kV
245510,252988,Llynfi,560024,Primary,51.5709,-3.6123,,LLYNFI 11kV
314870,314580,Lockheed 33/11kv,930056,Primary,52.2719,-1.5403,Warwick 33,Lockheed
15037,98,Lockleaze,110772,Primary,51.4847,-2.5693,LOCKLEAZE 33kV 'K' BAR,LOCKLEAZE 11kV
98,130,Lockleaze Bsp 132kv,113370,BSP,51.4853,-2.5708,Lockleaze 33 kV,LOCKLEAZE 33kV
314840,314581,London Road 33 6 6kv S Stn,930027,Primary,52.403,-1.5016,Whitley,London Road 6.6
315196,314614,Long Eaton 33/11kv,870050,Primary,52.898,-1.2749,Toton,Long Eaton
314912,420014,Long Marston 66/11kv,670094,Primary,52.1023,-1.7823,Long Marston 66 11 (T1),Long Marston 66 11
315231,314710,Long Sutton 33/11kv,910027,Primary,52.7783,0.1137,Spalding & South Holland,Long Sutton
282,36,Longbridge,330024,Primary,50.3926,-4.0844,PLYMOUTH 33kV,LONGBRIDGE 11kV
315138,314657,Longcliffe 33 11kv S Stn,890067,Primary,53.0947,-1.6593,Winster,Longcliffe
15307,27,Looe,457300,Primary,50.3458,-4.4821,St GERMANS 33kV,LOOE 11KV
15283,5,Lostwithiel,437390,Primary,50.412,-4.6601,St AUSTELL  33kV,LOSTWITHIEL 11KV
315093,314640,Loughborough 11kv S Stn,920020,Primary,52.7863,-1.2096,,
314640,314543,Loughborough 132/33/11kv,690022,BSP,52.7869,-1.2095,Loughborough 132 11 (GT1B1),Loughborough 132 11
314649,314543,Loughborough 33kv S Stn,920002,BSP,52.7865,-1.2097,Loughborough 33,
315037,314601,Lower Chadnor 66/11kv,670117,Primary,52.1691,-2.8426,Hereford (Bishops Wood) & Ludlow 132 66,Lower Chadnor 66 11
15129,12908,Luckwell Bridge,210490,Primary,51.1373,-3.5636,BOWHAYS CROSS 33kV,LUCKWELL BRIDGE 11kV
314797,314538,Ludlow 132/66/33/11kv Reporting,670064,BSP,52.3666,-2.6882,Ludlow 132 33 (GT2C),
420066,314797,Ludlow 132/66/33/11kv Reporting,670064,Primary,52.3666,-2.6882,Ludlow 132 33,Ludlow 33 11
314876,314603,Lutterworth 33/11kv,930062,Primary,52.4552,-1.2167,Pailton,Lutterworth
15107,78,Lydeard St Lawrence Primary,210050,Primary,51.0798,-3.2377,TAUNTON 33kV 'J' BAR,LYDEARD St LAWRENCE 11kV
314757,314570,Lydney 132/33kv,670031,BSP,51.7363,-2.5376,Lydney 132 33 (GT1),
15151,19,Lynton,260410,Primary,51.2212,-3.8487,BARNSTAPLE 33kV,LYNTON 11kV
15092,87,Lypstone Farm,181216,Primary,51.3508,-2.9168,WESTON 33kV,LYPSTONE FARM 11kV
315184,314674,Mackworth 33/11kv,870038,Primary,52.9207,-1.5201,Derby 33,Mackworth
315067,314638,Madeley 33/11kv,840014,Primary,52.6506,-2.4535,Ironbridge 132 33,Madeley 33 11
314951,314601,Madley 66/11kv,670109,Primary,52.0362,-2.8487,Hereford (Bishops Wood) & Ludlow 132 66,Madley 66 11
245468,245381,Maerdy,540306,Primary,51.6812,-3.4883,,MAERDY 11kV
245491,245356,Maesarddafen,520299,Primary,51.6777,-4.1272,,MAES AR DAFEN 11kV
315386,314603,Magna Park 33/11kv,930107,Primary,52.449,-1.2507,Pailton,Magna Park
245460,245457,Magor Primary,530941,BSP,51.5801,-2.8448,,
253426,245460,Magor Primary,530941,Primary,51.5801,-2.8448,,MAGOR 11kV
315120,420020,Malehurst 33/11kv,840017,Primary,52.6501,-2.9106,Shrewsbury 132 33,Malehurst 33 11
15043,98,Mangotsfield,111800,Primary,51.4864,-2.4939,LOCKLEAZE 33kV 'K' BAR,MANGOTSFIELD 11kV
315004,314616,Mansfield 11kv S Stn,890036,Primary,53.1558,-1.1998,Mansfield,Mansfield 11
314616,314556,Mansfield 33kv S Stn,890008,BSP,53.1557,-1.1996,Mansfield,
315097,314654,Mansfield Street 33/11kv,920024,Primary,52.6384,-1.1335,Leicester,Mansfield Street
315084,314652,Mantle Lane 33 11kv S Stn,930098,Primary,52.7265,-1.3752,Coalville,Mantle Lane
315012,314619,Manton 33 11kv S Stn,890044,Primary,53.2944,-1.0959,Worksop,Manton
314981,314610,Mapperley 33/11kv,880029,Primary,52.9701,-1.131,Nottingham East,Mapperley
15249,10,Marazion,417070,Primary,50.1371,-5.465,HAYLE 33kV,MARAZION 11kV
315174,314668,Marchington 33 11kv S Stn,870028,Primary,52.8788,-1.8029,Uttoxeter,Marchington
315249,314695,Market Deeping 33 11kv S Stn,910045,Primary,52.6781,-0.3012,Bourne,Market Deeping
315119,314639,Market Drayton 33/11kv,850008,Primary,52.9018,-2.482,Meaford 'C' 132 33,Market Drayton 33 11
315353,314648,Market Harborough 33 11kv S Stn,920047,Primary,52.4791,-0.9025,Kibworth,Market Harborough
315252,314705,Market Overton 33/11kv,910048,Primary,52.7586,-0.6666,Grantham,Market Overton
314978,314615,Marlborough Road 33/11kv,880026,Primary,52.99,-1.1342,Nottingham North 33,Marlborough Road
315321,314735,Marlborough Street 33/11kv,940037,Primary,52.0619,-0.7589,Bradwell Abbey,Marlborough Street
15219,45,Marldon,340027,Primary,50.4522,-3.5959,TOTNES 33kV,MARLDON 11kV
314799,314570,Marle Hill 132/66/11kv Reporting,670066,BSP,51.9105,-2.0825,,
420068,314799,Marle Hill 132/66/11kv Reporting,670066,Primary,51.9105,-2.0825,Cheltenham 132 66,Marle Hill 66 11
15177,54,Marsh Barton,310022,Primary,50.7058,-3.5309,EXETER CITY 33kV,MARSH BARTON 11kV
15191,65,Marsh Green,310036,Primary,50.7386,-3.352,EXETER MAIN 33kV 'K' BAR,MARSH GREEN 11kV
314905,314704,Marsh Lane 33/11kv,900007,Primary,52.9615,-0.0136,Boston,Marsh Lane
15134,127,Martock,250300,Primary,50.9678,-2.8013,BRIDGWATER 33kV 'J' BAR,MARTOCK 11kV
315145,314657,Matlock 33/11kv,890074,Primary,53.1387,-1.5509,Winster,Matlock
477784,314743,Maxwell House Data Centre 33/11kv,945675,Primary,52.0021,-0.7374,,
315303,314758,Mead Lane 33/11kv,790023,Primary,51.7142,-2.5378,Lydney 132 33,Mead Lane 33 11
315161,314665,Meadow Lane 33/11kv,890090,Primary,53.102,-1.3759,Alfreton,Meadow Lane
314639,314563,Meaford C 33/11kv Reporting,680026,BSP,52.9314,-2.1674,Meaford 'C' 132 33 (GT1),
420085,314639,Meaford C 33/11kv Reporting,680026,Primary,52.9314,-2.1674,Meaford 'C' 132 33,Meaford 33 11
245329,245341,Meinciau,520172,Primary,51.7691,-4.2433,,MEINCIAU 11kV
315080,314662,Melbourne 33/11kv,870017,Primary,52.809,-1.4338,Bourne,Bourne 11
131,,Melksham S.G.P,106010,GSP,51.3917,-2.1506,,
315243,314703,Melton Mowbray 11kv S Stn,910039,Primary,52.7643,-0.8697,Melton Mowbray,Melton Mowbray 11
314703,314567,Melton Mowbray 33kv S Stn,910006,BSP,52.7646,-0.8698,Melton Mowbray,
245508,245312,Merlins Bridge,600173,Primary,51.7918,-4.9771,,MERLINS BRIDGE 11kV
219,29,Merrivale,330017,Primary,50.4133,-4.1558,ERNESETTLE 33kV,MERRIVALE 11kV
245492,245421,Merthyr East Primary,550901,BSP,51.7572,-3.3607,,
253154,245492,Merthyr East Primary,550901,Primary,51.7572,-3.3607,,MERTHYR EAST 11kV
315276,314698,Metheringham 33/11kv,900037,Primary,53.135,-0.4092,Lincoln 33,Metheringham
15284,5,Mevagissey,437400,Primary,50.2855,-4.8005,St AUSTELL  33kV,MEVAGISSEY 11KV
15152,19,Middle Barlington,260420,Primary,50.9289,-4.0571,BARNSTAPLE 33kV,MIDDLE BARLINGTON 11kV
245408,245417,Middle Fan,540174,Primary,51.6679,-3.4562,,MIDDLE FAN 11kV
315071,314646,Middlefield 33/11kv,930088,Primary,52.5559,-1.3745,Hinckley 33,Middlefield
15068,119,Midsomer Norton,160423,Primary,51.2904,-2.4844,RADSTOCK 33kV,MIDSOMER NORTON 11kV
31,139,Milehouse Bsp,330002,BSP,50.3834,-4.1582,Milehouse 33 kV,MILEHOUSE 33KV
245511,245312,Milford Haven,600279,Primary,51.7143,-5.0408,,
245308,245306,Milford Haven Grid,600042,BSP,51.7339,-4.9732,,MILFORD HAVEN 11kV
245485,253131,Mill St Tonyrefail,540241,Primary,51.5822,-3.4301,,MILL ST TONYREFAIL 11kV
315139,314657,Millclose 33 11kv S Stn,890068,Primary,53.1575,-1.6162,Winster,Millclose
15112,82,Millfield,210100,Primary,51.1119,-2.73,STREET 33kV,MILLFIELD 11kV
315017,314618,Misson 33 11kv S Stn,890049,Primary,53.448,-0.9691,Checkerhouse,Misson
315028,314618,Misterton 33/11kv,890060,Primary,53.4341,-0.8439,Checkerhouse,Misterton
315127,314758,Mitcheldean 33/11kv,790014,Primary,51.858,-2.499,Lydney 132 33,Mitcheldean 33 11
387,217,Modbury,340040,Primary,50.3479,-3.8947,PLYMPTON 33kV,MODBURY 11kV
315088,314670,Moira 33 11kv S Stn,930102,Primary,52.7407,-1.5532,Gresley,Moira
245399,245518,Monmouth,530177,Primary,51.8052,-2.7297,,MONMOUTH 11kV
15142,135607,Montacute,250400,Primary,50.9545,-2.6976,YEOVIL 33kV,MONTACUTE 11kV
314961,314666,Moorgreen 33/11kv,890025,Primary,53.023,-1.2955,Heanor,Moorgreen
314832,420014,Moreton 66/11kv,670085,Primary,51.994,-1.702,Moreton 66 11 (T1),Moreton 66 11
245477,253131,Morlanga,510178,Primary,51.4835,-3.3079,,MORLANGA 11kV
315188,314666,Morley 33/11kv,870042,Primary,52.9684,-1.4137,Heanor,Morley
245370,245516,Morriston Primary,520291,BSP,51.6669,-3.9137,,
253522,245370,Morriston Primary,520291,Primary,51.6669,-3.9137,,MORRISTON A 11kV
15210,293449,Mortonhampstead,340012,Primary,50.6575,-3.767,NORTH TAWTON 33kV,MORETONHAMPSTEAD 11kV
15241,22,Morwenstow,350024,Primary,50.9037,-4.5042,PYWORTHY 33kV,MORWENSTOW 11KV
315224,314704,Mount Bridge 33/11kv,900022,Primary,52.969,-0.0145,Boston,Mount Bridge
245478,245417,Mountain Ash,550179,Primary,51.6788,-3.3747,,MOUNTAIN ASH 11kV
245417,245421,Mountain Ash Grid,550026,BSP,51.6674,-3.3713,,MOUNTAIN ASH GRID 33kV
315098,314623,Mountsorrel 33 11kv S Stn,920025,Primary,52.7235,-1.1325,Willoughby,Mountsorrel
15264,10,Mousehole,417340,Primary,50.0833,-5.5492,HAYLE 33kV,MOUSEHOLE 11kV
15273,9,Mullion,417780,Primary,50.0212,-5.2095,RAME 33kV,MULLION 11KV
15091,85,Nailsea,181000,Primary,51.4265,-2.7552,CHURCHILL 33kV,NAILSEA 11kV
315083,314652,Nailstone 33/11kv,930097,Primary,52.6763,-1.3617,Coalville,Nailstone
315040,314769,Naishcombe Hill 33/11kv,790012,Primary,51.4631,-2.4274,Chipping Sodbury 132 33,Naishcombe Hill 33 11
245334,245341,Nantgaredig,590180,Primary,51.8647,-4.1913,,NANTGAREDIG 11kV
245493,245421,Nantgarw Primary,540903,BSP,51.5627,-3.2696,,
253230,245493,Nantgarw Primary,540903,Primary,51.5627,-3.2696,,NANTGARW 11kV
245388,245387,Nantwen,550182,Primary,51.6995,-3.3127,,NANTWEN 11kV
314569,,Nechells East 132kv National Grid Site,670007,GSP,52.5067,-1.8499,,
245422,245417,Nelson,550183,Primary,51.6461,-3.295,,NELSON 11kV
15115,127,Nether Stowey,210130,Primary,51.1484,-3.1251,BRIDGWATER 33kV 'J' BAR,NETHER STOWEY 11kV
315301,314635,Netherhills 33/11kv,790022,Primary,51.762,-2.3408,Ryeford 132 33,Netherhills 33 11
245517,245312,Nevern,600184,Primary,52.0155,-4.7923,,NEVERN 11kV
315238,314689,New Beacon Road Grantham 33 11kv S Stn,910034,Primary,52.9132,-0.6291,Grantham,New Beacon Road
245331,245356,New Lodge,520187,Primary,51.6878,-4.2284,,NEW LODGE 11kV
315262,314702,Newark Junction 33/11kv,900024,Primary,53.0782,-0.7986,Hawton,Newark Junction
15076,119,Newbury,161701,Primary,51.2487,-2.4324,RADSTOCK 33kV,NEWBURY 11kV
314803,314563,Newcastle 132/11kv,680057,BSP,53.0287,-2.2425,Newcastle 132 33,
420092,314803,Newcastle 132/11kv,680057,Primary,53.0287,-2.2425,Newcastle 132 11 (GT3A),Newcastle 132 11
314686,,Newcastle 33/11kv,680045,Primary,53.03,-2.2423,,
245323,245325,Newcastle Emlyn South,580276,Primary,52.0358,-4.472,,NEWCASTLE EMLYN SOUTH 11kV
314893,314576,Newdigate 33/11kv,930079,Primary,52.4859,-1.4992,Coventry North,Newdigate
